INSERT INTO users (id, name, email, password_hash, role)
VALUES (
  '00000000-0000-4000-8000-000000000001',
  'Admin',
  'admin@example.com',
  '240be518fabd2724ddb6f04eeb1da5967448d7e831c08c8fa822809f74c720a9',
  'ADMIN'
)
ON CONFLICT (email) DO UPDATE
SET name = EXCLUDED.name,
    password_hash = EXCLUDED.password_hash,
    role = EXCLUDED.role;

INSERT INTO quizzes (id, title, description, created_by)
VALUES
  (
    '10000000-0000-4000-8000-000000000001',
    'Web Basics',
    'Basic questions about frontend and backend.',
    '00000000-0000-4000-8000-000000000001'
  ),
  (
    '20000000-0000-4000-8000-000000000001',
    'JavaScript Basics',
    'Basic JavaScript syntax and behavior.',
    '00000000-0000-4000-8000-000000000001'
  ),
  (
    '30000000-0000-4000-8000-000000000001',
    'AI and RAG Basics',
    'Basic questions about LLMs, embeddings, and retrieval.',
    '00000000-0000-4000-8000-000000000001'
  )
ON CONFLICT (id) DO UPDATE
SET title = EXCLUDED.title,
    description = EXCLUDED.description,
    created_by = EXCLUDED.created_by;

INSERT INTO questions (id, quiz_id, text, type, position)
VALUES
  ('10000000-0000-4000-8000-000000000101', '10000000-0000-4000-8000-000000000001', 'What does HTTP mainly do?', 'single_choice', 1),
  ('10000000-0000-4000-8000-000000000102', '10000000-0000-4000-8000-000000000001', 'What does React mainly help with?', 'single_choice', 2),
  ('10000000-0000-4000-8000-000000000103', '10000000-0000-4000-8000-000000000001', 'What is PostgreSQL?', 'single_choice', 3),
  ('20000000-0000-4000-8000-000000000101', '20000000-0000-4000-8000-000000000001', 'Which keyword declares a block-scoped variable?', 'single_choice', 1),
  ('20000000-0000-4000-8000-000000000102', '20000000-0000-4000-8000-000000000001', 'What does JSON stand for?', 'single_choice', 2),
  ('20000000-0000-4000-8000-000000000103', '20000000-0000-4000-8000-000000000001', 'What is an async function used for?', 'single_choice', 3),
  ('30000000-0000-4000-8000-000000000101', '30000000-0000-4000-8000-000000000001', 'What is an embedding?', 'single_choice', 1),
  ('30000000-0000-4000-8000-000000000102', '30000000-0000-4000-8000-000000000001', 'What problem does RAG help with?', 'single_choice', 2),
  ('30000000-0000-4000-8000-000000000103', '30000000-0000-4000-8000-000000000001', 'Why do vector databases use approximate search?', 'single_choice', 3)
ON CONFLICT (id) DO UPDATE
SET text = EXCLUDED.text,
    type = EXCLUDED.type,
    position = EXCLUDED.position;

INSERT INTO question_options (id, question_id, text, is_correct, position)
VALUES
  ('10000000-0000-4000-9000-000000000101', '10000000-0000-4000-8000-000000000101', 'Stores data permanently', FALSE, 1),
  ('10000000-0000-4000-9000-000000000102', '10000000-0000-4000-8000-000000000101', 'Transfers requests and responses between client and server', TRUE, 2),
  ('10000000-0000-4000-9000-000000000103', '10000000-0000-4000-8000-000000000101', 'Styles web pages', FALSE, 3),
  ('10000000-0000-4000-9000-000000000104', '10000000-0000-4000-8000-000000000102', 'Building user interfaces', TRUE, 1),
  ('10000000-0000-4000-9000-000000000105', '10000000-0000-4000-8000-000000000102', 'Managing PostgreSQL indexes', FALSE, 2),
  ('10000000-0000-4000-9000-000000000106', '10000000-0000-4000-8000-000000000102', 'Replacing the operating system', FALSE, 3),
  ('10000000-0000-4000-9000-000000000107', '10000000-0000-4000-8000-000000000103', 'A CSS framework', FALSE, 1),
  ('10000000-0000-4000-9000-000000000108', '10000000-0000-4000-8000-000000000103', 'A relational database', TRUE, 2),
  ('10000000-0000-4000-9000-000000000109', '10000000-0000-4000-8000-000000000103', 'A browser protocol', FALSE, 3),
  ('20000000-0000-4000-9000-000000000101', '20000000-0000-4000-8000-000000000101', 'var', FALSE, 1),
  ('20000000-0000-4000-9000-000000000102', '20000000-0000-4000-8000-000000000101', 'let', TRUE, 2),
  ('20000000-0000-4000-9000-000000000103', '20000000-0000-4000-8000-000000000101', 'function', FALSE, 3),
  ('20000000-0000-4000-9000-000000000104', '20000000-0000-4000-8000-000000000102', 'JavaScript Object Notation', TRUE, 1),
  ('20000000-0000-4000-9000-000000000105', '20000000-0000-4000-8000-000000000102', 'Java Source Open Network', FALSE, 2),
  ('20000000-0000-4000-9000-000000000106', '20000000-0000-4000-8000-000000000102', 'Joined Server Object Name', FALSE, 3),
  ('20000000-0000-4000-9000-000000000107', '20000000-0000-4000-8000-000000000103', 'Working with asynchronous operations', TRUE, 1),
  ('20000000-0000-4000-9000-000000000108', '20000000-0000-4000-8000-000000000103', 'Creating CSS classes', FALSE, 2),
  ('20000000-0000-4000-9000-000000000109', '20000000-0000-4000-8000-000000000103', 'Starting PostgreSQL', FALSE, 3),
  ('30000000-0000-4000-9000-000000000101', '30000000-0000-4000-8000-000000000101', 'A vector representation of data', TRUE, 1),
  ('30000000-0000-4000-9000-000000000102', '30000000-0000-4000-8000-000000000101', 'A database password', FALSE, 2),
  ('30000000-0000-4000-9000-000000000103', '30000000-0000-4000-8000-000000000101', 'A frontend component', FALSE, 3),
  ('30000000-0000-4000-9000-000000000104', '30000000-0000-4000-8000-000000000102', 'Giving an LLM access to external retrieved information', TRUE, 1),
  ('30000000-0000-4000-9000-000000000105', '30000000-0000-4000-8000-000000000102', 'Making CSS faster', FALSE, 2),
  ('30000000-0000-4000-9000-000000000106', '30000000-0000-4000-8000-000000000102', 'Replacing all databases', FALSE, 3),
  ('30000000-0000-4000-9000-000000000107', '30000000-0000-4000-8000-000000000103', 'Exact nearest-neighbor search can be expensive in high dimensions', TRUE, 1),
  ('30000000-0000-4000-9000-000000000108', '30000000-0000-4000-8000-000000000103', 'SQL cannot store numbers', FALSE, 2),
  ('30000000-0000-4000-9000-000000000109', '30000000-0000-4000-8000-000000000103', 'Browsers cannot display vectors', FALSE, 3)
ON CONFLICT (id) DO UPDATE
SET text = EXCLUDED.text,
    is_correct = EXCLUDED.is_correct,
    position = EXCLUDED.position;
